{
	"class_name" : "PinholeCameraParameters",
	"extrinsic" : 
	[
		-0.98645702396656809,
		0.0027140924032353895,
		0.16399369435429853,
		0.0,
		0.03022265445950283,
		0.98575032790479311,
		0.16415604668352227,
		0.0,
		-0.16121144818046684,
		0.16819311739194251,
		-0.97270697568654574,
		0.0,
		9.8220817566439507e-05,
		-6.9219992922403155e-05,
		0.0015691236216849478,
		1.0
	],
	"intrinsic" : 
	{
		"height" : 1061,
		"intrinsic_matrix" : 
		[
			918.85295341528945,
			0.0,
			0.0,
			0.0,
			918.85295341528945,
			0.0,
			959.5,
			530.0,
			1.0
		],
		"width" : 1920
	},
	"version_major" : 1,
	"version_minor" : 0
}